timestamp,ground_truth
0,idle
33,idle
66,idle
99,idle
133,idle
166,idle
199,idle
233,idle
266,idle
299,idle
333,idle
366,idle
399,idle
432,idle
466,idle
499,idle
532,idle
566,idle
599,idle
632,idle
666,idle
699,idle
732,idle
765,idle
799,idle
832,idle
865,idle
899,idle
932,idle
965,idle
999,idle
1032,idle
1065,idle
1098,idle
1132,idle
1165,idle
1198,idle
1232,idle
1265,idle
1298,idle
1332,idle
1365,idle
1398,idle
1431,idle
1465,idle
1498,idle
1531,idle
1565,idle
1598,idle
1631,idle
1665,idle
1698,idle
1731,idle
1764,idle
1798,idle
1831,idle
1864,idle
1898,rotate
1931,rotate
1964,rotate
1998,rotate
2031,rotate
2064,rotate
2097,rotate
2131,rotate
2164,rotate
2197,rotate
2231,rotate
2264,rotate
2297,rotate
2331,rotate
2364,rotate
2397,rotate
2430,rotate
2464,rotate
2497,rotate
2530,rotate
2564,rotate
2597,rotate
2630,rotate
2664,rotate
2697,rotate
2730,rotate
2763,rotate
2797,rotate
2830,rotate
2863,rotate
2897,rotate
2930,rotate
2963,rotate
2997,rotate
3030,rotate
3063,rotate
3096,rotate
3130,rotate
3163,rotate
3196,rotate
3230,rotate
3263,rotate
3296,rotate
3330,rotate
3363,rotate
3396,rotate
3429,rotate
3463,idle
3496,idle
3529,idle
3563,idle
3596,idle
3629,idle
3663,idle
3696,idle
3729,idle
3762,idle
3796,idle
3829,idle
3862,idle
3896,idle
3929,idle
3962,idle
3996,idle
4029,idle
4062,idle
4095,idle
4129,idle
4162,idle
4195,idle
4229,idle
4262,idle
4295,idle
4329,idle
4362,idle
4395,idle
4428,idle
4462,idle
4495,idle
4528,idle
4562,idle
4595,idle
4628,idle
4662,idle
4695,idle
4728,idle
4761,idle
4795,idle
4828,idle
4861,idle
4895,idle
4928,idle
4961,idle
4995,idle
5028,idle
5061,idle
5094,idle
5128,idle
5161,idle
5194,idle
5228,idle
5261,idle
5294,idle
5328,rotate
5361,rotate
5394,rotate
5427,rotate
5461,rotate
5494,rotate
5527,rotate
5561,rotate
5594,rotate
5627,rotate
5661,rotate
5694,rotate
5727,rotate
5760,rotate
5794,rotate
5827,rotate
5860,rotate
5894,rotate
5927,rotate
5960,rotate
5994,rotate
6027,rotate
6060,rotate
6093,rotate
6127,rotate
6160,rotate
6193,rotate
6227,rotate
6260,rotate
6293,rotate
6327,rotate
6360,rotate
6393,rotate
6426,rotate
6460,rotate
6493,rotate
6526,rotate
6560,rotate
6593,rotate
6626,rotate
6660,rotate
6693,rotate
6726,rotate
6759,idle
6793,idle
6826,idle
6859,idle
6893,idle
6926,idle
6959,idle
6993,idle
7026,idle
7059,idle
7092,idle
7126,idle
7159,idle
7192,idle
7226,idle
7259,idle
7292,idle
7326,idle
7359,idle
7392,idle
7425,idle
7459,idle
7492,idle
7525,idle
7559,idle
7592,idle
7625,idle
7659,idle
7692,idle
7725,idle
7758,idle
7792,idle
7825,idle
7858,idle
7892,idle
7925,idle
7958,idle
7992,idle
8025,idle
8058,idle
8091,idle
8125,idle
8158,idle
8191,idle
8225,idle
8258,idle
8291,idle
8325,rotate
8358,rotate
8391,rotate
8424,rotate
8458,rotate
8491,rotate
8524,rotate
8558,rotate
8591,rotate
8624,rotate
8658,rotate
8691,rotate
8724,rotate
8757,rotate
8791,rotate
8824,rotate
8857,rotate
8891,rotate
8924,rotate
8957,rotate
8991,rotate
9024,rotate
9057,rotate
9090,rotate
9124,rotate
9157,rotate
9190,rotate
9224,rotate
9257,rotate
9290,rotate
9324,rotate
9357,rotate
9390,rotate
9423,rotate
9457,rotate
9490,rotate
9523,rotate
9557,rotate
9590,rotate
9623,rotate
9657,rotate
9690,rotate
9723,rotate
9756,rotate
9790,rotate
9823,rotate
9856,rotate
9890,rotate
9923,rotate
9956,idle
9990,idle
10023,idle
10056,idle
10089,idle
10123,idle
10156,idle
10189,idle
10223,idle
10256,idle
10289,idle
10323,idle
10356,idle
10389,idle
10422,idle
10456,idle
10489,idle
10522,idle
10556,idle
10589,idle
10622,idle
10656,idle
10689,idle
10722,idle
10755,idle
10789,idle
10822,idle
10855,idle
10889,idle
10922,idle
10955,idle
10989,idle
11022,idle
11055,idle
11088,idle
11122,idle
11155,idle
11188,idle
11222,idle
11255,idle
11288,idle
11322,idle
11355,idle
11388,idle
11421,idle
11455,idle
11488,idle
11521,idle
11555,idle
11588,idle
11621,idle
11655,idle
11688,idle
11721,idle
11754,idle
11788,idle
11821,idle
11854,rotate
11888,rotate
11921,rotate
11954,rotate
11988,rotate
12021,rotate
12054,rotate
12087,rotate
12121,rotate
12154,rotate
12187,rotate
12221,rotate
12254,rotate
12287,rotate
12321,rotate
12354,rotate
12387,rotate
12420,rotate
12454,rotate
12487,rotate
12520,rotate
12554,rotate
12587,rotate
12620,rotate
12654,rotate
12687,rotate
12720,rotate
12753,rotate
12787,rotate
12820,rotate
12853,rotate
12887,rotate
12920,rotate
12953,rotate
12987,rotate
13020,rotate
13053,rotate
13086,rotate
13120,rotate
13153,rotate
13186,rotate
13220,idle
13253,idle
13286,idle
13320,idle
13353,idle
13386,idle
13419,idle
13453,idle
13486,idle
13519,idle
13553,idle
13586,idle
13619,idle
13653,idle
13686,idle
13719,idle
13752,idle
13786,idle
13819,idle
13852,idle
13886,idle
13919,idle
13952,idle
13986,idle
14019,idle
14052,idle
14085,idle
14119,idle
14152,idle
14185,idle
14219,idle
14252,idle
14285,idle
14319,idle
14352,idle
14385,idle
14418,idle
14452,idle
14485,idle
14518,idle
14552,idle
14585,idle
14618,idle
14652,idle
14685,idle
14718,idle
14751,idle
14785,idle
14818,idle
14851,idle
14885,idle
14918,rotate
14951,rotate
14985,rotate
15018,rotate
15051,rotate
15084,rotate
15118,rotate
15151,rotate
15184,rotate
15218,rotate
15251,rotate
15284,rotate
15318,rotate
15351,rotate
15384,rotate
15417,rotate
15451,rotate
15484,rotate
15517,rotate
15551,rotate
15584,rotate
15617,rotate
15651,rotate
15684,rotate
15717,rotate
15750,rotate
15784,rotate
15817,rotate
15850,rotate
15884,rotate
15917,rotate
15950,rotate
15984,rotate
16017,rotate
16050,rotate
16083,rotate
16117,rotate
16150,rotate
16183,rotate
16217,rotate
16250,rotate
16283,rotate
16317,rotate
16350,rotate
16383,idle
16416,idle
16450,idle
16483,idle
16516,idle
16550,idle
16583,idle
16616,idle
16650,idle
16683,idle
16716,idle
16749,idle
16783,idle
16816,idle
16849,idle
16883,idle
16916,idle
16949,idle
16983,idle
17016,idle
17049,idle
17082,idle
17116,idle
17149,idle
17182,idle
17216,idle
17249,idle
17282,idle
17316,idle
17349,idle
17382,idle
17415,idle
17449,idle
17482,idle
17515,idle
17549,idle
17582,idle
17615,idle
17649,idle
17682,idle
17715,idle
17748,idle
17782,idle
17815,idle
17848,idle
17882,idle
17915,rotate
17948,rotate
17982,rotate
18015,rotate
18048,rotate
18081,rotate
18115,rotate
18148,rotate
18181,rotate
18215,rotate
18248,rotate
18281,rotate
18315,rotate
18348,rotate
18381,rotate
18414,rotate
18448,rotate
18481,rotate
18514,rotate
18548,rotate
18581,rotate
18614,rotate
18648,rotate
18681,rotate
18714,rotate
18747,rotate
18781,rotate
18814,rotate
18847,rotate
18881,rotate
18914,rotate
18947,rotate
18981,rotate
19014,rotate
19047,rotate
19080,rotate
19114,rotate
19147,rotate
19180,rotate
19214,rotate
19247,rotate
19280,rotate
19314,idle
19347,idle
19380,idle
19413,idle
19447,idle
19480,idle
19513,idle
19547,idle
19580,idle
19613,idle
19647,idle
19680,idle
19713,idle
19746,idle
19780,idle
19813,idle
19846,idle
19880,idle
19913,idle
19946,idle
19980,idle
20013,idle
20046,idle
20079,idle
20113,idle
20146,idle
20179,idle
20213,idle
20246,idle
20279,idle
20313,idle
20346,idle
20379,idle
20412,idle
20446,idle
20479,idle
20512,idle
20546,idle
20579,idle
20612,idle
20646,idle
20679,idle
20712,idle
20745,idle
20779,idle
20812,idle
20845,idle
20879,idle
20912,idle
20945,rotate
20979,rotate
21012,rotate
21045,rotate
21078,rotate
21112,rotate
21145,rotate
21178,rotate
21212,rotate
21245,rotate
21278,rotate
21312,rotate
21345,rotate
21378,rotate
21411,rotate
21445,rotate
21478,rotate
21511,rotate
21545,rotate
21578,rotate
21611,rotate
21645,rotate
21678,rotate
21711,rotate
21744,rotate
21778,rotate
21811,rotate
21844,rotate
21878,rotate
21911,rotate
21944,rotate
21978,rotate
22011,rotate
22044,rotate
22077,rotate
22111,rotate
22144,rotate
22177,rotate
22211,rotate
22244,rotate
22277,rotate
22311,idle
22344,idle
22377,idle
22410,idle
22444,idle
22477,idle
22510,idle
22544,idle
22577,idle
22610,idle
22644,idle
22677,idle
22710,idle
22743,idle
22777,idle
22810,idle
22843,idle
22877,idle
22910,idle
22943,idle
22977,idle
23010,idle
23043,idle
23076,idle
23110,idle
23143,idle
23176,idle
23210,idle
23243,idle
23276,idle
23310,idle
23343,idle
23376,idle
23409,idle
23443,idle
23476,idle
23509,idle
23543,idle
23576,idle
23609,idle
23643,idle
23676,idle
23709,idle
23742,idle
23776,idle
23809,idle
23842,idle
23876,idle
23909,idle
23942,idle
23976,idle
24009,idle
24042,idle
24075,idle
24109,idle
24142,idle
24175,idle
24209,idle
24242,idle
24275,idle
24309,idle
24342,idle
24375,idle
24408,idle
24442,idle
24475,idle
24508,idle
24542,idle
24575,idle
24608,idle
24642,idle
24675,idle
24708,idle
24741,idle
24775,idle
24808,idle
24841,idle
24875,idle
24908,idle
24941,idle
24975,idle
25008,rotate
25041,rotate
25074,rotate
25108,rotate
25141,rotate
25174,rotate
25208,rotate
25241,rotate
25274,rotate
25308,rotate
25341,rotate
25374,rotate
25407,rotate
25441,rotate
25474,rotate
25507,rotate
25541,rotate
25574,rotate
25607,rotate
25641,rotate
25674,rotate
25707,rotate
25740,rotate
25774,rotate
25807,rotate
25840,rotate
25874,rotate
25907,rotate
25940,rotate
25974,rotate
26007,rotate
26040,rotate
26073,rotate
26107,rotate
26140,rotate
26173,rotate
26207,rotate
26240,rotate
26273,rotate
26307,rotate
26340,rotate
26373,rotate
26406,rotate
26440,rotate
26473,rotate
26506,idle
26540,idle
26573,idle
26606,idle
26640,idle
26673,idle
26706,idle
26739,idle
26773,idle
26806,idle
26839,idle
26873,idle
26906,idle
26939,idle
26973,idle
27006,idle
27039,idle
27072,idle
27106,idle
27139,idle
27172,idle
27206,idle
27239,idle
27272,idle
27306,idle
27339,idle
27372,idle
27405,idle
27439,idle
27472,idle
27505,idle
27539,idle
27572,idle
27605,idle
27639,idle
27672,idle
27705,idle
27738,idle
27772,idle
27805,idle
27838,idle
27872,idle
27905,idle
27938,idle
27972,idle
28005,idle
28038,idle
28071,idle
28105,idle
28138,idle
28171,idle
28205,idle
28238,idle
28271,idle
28305,idle
28338,idle
28371,idle
28404,rotate
28438,rotate
28471,rotate
28504,rotate
28538,rotate
28571,rotate
28604,rotate
28638,rotate
28671,rotate
28704,rotate
28737,rotate
28771,rotate
28804,rotate
28837,rotate
28871,rotate
28904,rotate
28937,rotate
28971,rotate
29004,rotate
29037,rotate
29070,rotate
29104,rotate
29137,rotate
29170,rotate
29204,rotate
29237,rotate
29270,rotate
29304,rotate
29337,rotate
29370,rotate
29403,rotate
29437,rotate
29470,rotate
29503,rotate
29537,rotate
29570,rotate
29603,rotate
29637,rotate
29670,rotate
29703,rotate
29736,idle
29770,idle
29803,idle
29836,idle
29870,idle
29903,idle
29936,idle
29970,idle
30003,idle
30036,idle
30069,idle
30103,idle
30136,idle
30169,idle
30203,idle
30236,idle
30269,idle
30303,idle
30336,idle
30369,idle
30402,idle
30436,idle
30469,idle
30502,idle
30536,idle
30569,idle
30602,idle
30636,idle
30669,idle
30702,idle
30735,idle
30769,idle
30802,idle
30835,idle
30869,idle
30902,idle
30935,idle
30969,idle
31002,idle
31035,idle
31068,idle
31102,idle
31135,idle
31168,idle
31202,idle
31235,idle
31268,idle
31302,idle
31335,idle
31368,idle
31401,idle
31435,idle
31468,idle
31501,idle
31535,idle
31568,idle
31601,idle
31635,idle
31668,idle
31701,idle
31734,idle
31768,idle
31801,idle
31834,idle
31868,idle
31901,idle
31934,idle
31968,idle
32001,idle
32034,idle
32067,idle
32101,rotate
32134,rotate
32167,rotate
32201,rotate
32234,rotate
32267,rotate
32301,rotate
32334,rotate
32367,rotate
32400,rotate
32434,rotate
32467,rotate
32500,rotate
32534,rotate
32567,rotate
32600,rotate
32634,rotate
32667,rotate
32700,rotate
32733,rotate
32767,rotate
32800,rotate
32833,rotate
32867,rotate
32900,rotate
32933,rotate
32967,rotate
33000,rotate
33033,rotate
33066,rotate
33100,rotate
33133,rotate
33166,rotate
33200,rotate
33233,rotate
33266,rotate
33300,rotate
33333,rotate
33366,rotate
33399,rotate
33433,rotate
33466,rotate
33499,rotate
33533,rotate
33566,rotate
33599,rotate
33633,rotate
33666,rotate
33699,rotate
33732,rotate
33766,rotate
33799,rotate
33832,idle
33866,idle
33899,idle
33932,idle
33966,idle
33999,idle
34032,idle
34065,idle
34099,idle
34132,idle
34165,idle
34199,idle
34232,idle
34265,idle
34299,idle
34332,idle
34365,idle
34398,idle
34432,idle
34465,idle
34498,rotate
34532,rotate
34565,rotate
34598,rotate
34632,rotate
34665,rotate
34698,rotate
34731,rotate
34765,rotate
34798,rotate
34831,rotate
34865,rotate
34898,rotate
34931,rotate
34965,rotate
34998,rotate
35031,rotate
35064,rotate
35098,rotate
35131,rotate
35164,rotate
35198,rotate
35231,rotate
35264,rotate
35298,rotate
35331,rotate
35364,rotate
35397,rotate
35431,rotate
35464,rotate
35497,rotate
35531,rotate
35564,rotate
35597,rotate
35631,rotate
35664,rotate
35697,rotate
35730,rotate
35764,rotate
35797,rotate
35830,rotate
35864,rotate
35897,rotate
35930,rotate
35964,rotate
35997,idle
36030,idle
36063,idle
36097,idle
36130,idle
36163,idle
36197,idle
36230,idle
36263,idle
36297,idle
36330,idle
36363,idle
36396,idle
36430,idle
36463,idle
36496,idle
36530,idle
36563,idle
36596,idle
36630,idle
36663,idle
36696,idle
36729,idle
36763,idle
36796,idle
36829,idle
36863,idle
36896,idle
36929,idle
36963,idle
36996,idle
37029,idle
37062,idle
37096,idle
37129,idle
37162,idle
37196,idle
37229,idle
37262,idle
37296,idle
37329,idle
37362,idle
37395,idle
37429,idle
37462,idle
37495,idle
37529,idle
37562,idle
37595,idle
37629,idle
37662,idle
37695,idle
37728,rotate
37762,rotate
37795,rotate
37828,rotate
37862,rotate
37895,rotate
37928,rotate
37962,rotate
37995,rotate
38028,rotate
38061,rotate
38095,rotate
38128,rotate
38161,rotate
38195,rotate
38228,rotate
38261,rotate
38295,rotate
38328,rotate
38361,rotate
38394,rotate
38428,rotate
38461,rotate
38494,rotate
38528,rotate
38561,rotate
38594,rotate
38628,rotate
38661,rotate
38694,rotate
38727,rotate
38761,rotate
38794,rotate
38827,rotate
38861,rotate
38894,rotate
38927,rotate
38961,rotate
38994,rotate
39027,rotate
39060,rotate
39094,rotate
39127,rotate
39160,rotate
39194,rotate
39227,rotate
39260,rotate
39294,idle
39327,idle
39360,idle
39393,idle
39427,idle
39460,idle
39493,idle
39527,idle
39560,idle
39593,idle
39627,idle
39660,idle
39693,idle
39726,idle
39760,idle
39793,idle
39826,idle
39860,idle
39893,idle
39926,idle
39960,idle
39993,idle
40026,idle
40059,idle
40093,idle
40126,idle
40159,idle
40193,idle
40226,idle
40259,idle
40293,idle
40326,idle
40359,idle
40392,idle
40426,idle
40459,idle
40492,idle
40526,idle
40559,idle
40592,idle
40626,idle
40659,idle
40692,idle
40725,idle
40759,idle
40792,idle
40825,idle
40859,idle
40892,idle
40925,idle
40959,idle
40992,idle
41025,idle
41058,idle
41092,idle
41125,idle
41158,idle
41192,idle
41225,idle
41258,idle
41292,idle
41325,idle
41358,idle
41391,idle
41425,idle
41458,idle
41491,idle
41525,idle
41558,idle
41591,idle
41625,idle
41658,idle
41691,idle
41724,idle
41758,idle
41791,idle
41824,idle
41858,idle
41891,idle
41924,idle
41958,rotate
41991,rotate
42024,rotate
42057,rotate
42091,rotate
42124,rotate
42157,rotate
42191,rotate
42224,rotate
42257,rotate
42291,rotate
42324,rotate
42357,rotate
42390,rotate
42424,rotate
42457,rotate
42490,rotate
42524,rotate
42557,rotate
42590,rotate
42624,rotate
42657,rotate
42690,rotate
42723,rotate
42757,rotate
42790,rotate
42823,rotate
42857,rotate
42890,rotate
42923,rotate
42957,rotate
42990,rotate
43023,rotate
43056,rotate
43090,rotate
43123,rotate
43156,rotate
43190,rotate
43223,rotate
43256,rotate
43290,rotate
43323,rotate
43356,rotate
43389,rotate
43423,rotate
43456,rotate
43489,rotate
43523,rotate
43556,rotate
43589,rotate
43623,idle
43656,idle
43689,idle
43722,idle
43756,idle
43789,idle
43822,idle
43856,idle
43889,idle
43922,idle
43956,idle
43989,idle
44022,idle
44055,idle
44089,idle
44122,idle
44155,idle
44189,idle
44222,idle
44255,idle
44289,idle
44322,idle
44355,idle
44388,idle
44422,idle
44455,idle
44488,idle
44522,idle
44555,idle
44588,idle
44622,idle
44655,idle
44688,idle
44721,idle
44755,idle
44788,idle
44821,idle
44855,idle
44888,idle
44921,idle
44955,idle
44988,idle
45021,idle
45054,idle
45088,idle
45121,idle
45154,idle
45188,idle
45221,idle
45254,idle
45288,idle
45321,idle
45354,idle
45387,idle
45421,idle
45454,rotate
45487,rotate
45521,rotate
45554,rotate
45587,rotate
45621,rotate
45654,rotate
45687,rotate
45720,rotate
45754,rotate
45787,rotate
45820,rotate
45854,rotate
45887,rotate
45920,rotate
45954,rotate
45987,rotate
46020,rotate
46053,rotate
46087,rotate
46120,rotate
46153,rotate
46187,rotate
46220,rotate
46253,rotate
46287,rotate
46320,rotate
46353,rotate
46386,rotate
46420,rotate
46453,rotate
46486,rotate
46520,rotate
46553,rotate
46586,rotate
46620,rotate
46653,rotate
46686,rotate
46719,rotate
46753,rotate
46786,rotate
46819,idle
46853,idle
46886,idle
46919,idle
46953,idle
46986,idle
47019,idle
47052,idle
47086,idle
47119,idle
47152,idle
47186,idle
47219,idle
47252,idle
47286,idle
47319,idle
47352,idle
47385,idle
47419,idle
47452,idle
47485,idle
47519,idle
47552,idle
47585,idle
47619,idle
47652,idle
47685,idle
47718,idle
47752,idle
47785,idle
47818,idle
47852,idle
47885,idle
47918,idle
47952,idle
47985,idle
48018,idle
48051,idle
48085,idle
48118,idle
48151,idle
48185,idle
48218,idle
48251,idle
48285,idle
48318,idle
48351,idle
48384,idle
48418,idle
48451,idle
48484,idle
48518,idle
48551,idle
48584,idle
48618,idle
48651,idle
48684,idle
48717,idle
48751,idle
48784,idle
48817,idle
48851,idle
48884,idle
48917,idle
48951,idle
48984,idle
49017,idle
49050,rotate
49084,rotate
49117,rotate
49150,rotate
49184,rotate
49217,rotate
49250,rotate
49284,rotate
49317,rotate
49350,rotate
49383,rotate
49417,rotate
49450,rotate
49483,rotate
49517,rotate
49550,rotate
49583,rotate
49617,rotate
49650,rotate
49683,rotate
49716,rotate
49750,rotate
49783,rotate
49816,rotate
49850,rotate
49883,rotate
49916,rotate
49950,rotate
49983,rotate
50016,rotate
50049,rotate
50083,rotate
50116,rotate
50149,rotate
50183,rotate
50216,rotate
50249,rotate
50283,rotate
50316,rotate
50349,rotate
50382,rotate
50416,rotate
50449,idle
50482,idle
50516,idle
50549,idle
50582,idle
50616,idle
50649,idle
50682,idle
50715,idle
50749,idle
50782,idle
50815,idle
50849,idle
50882,idle
50915,idle
50949,idle
50982,idle
51015,idle
51048,idle
51082,idle
51115,idle
51148,idle
51182,idle
51215,idle
51248,idle
51282,idle
51315,idle
51348,idle
51381,idle
51415,idle
51448,idle
51481,idle
51515,idle
51548,idle
51581,idle
51615,idle
51648,idle
51681,idle
51714,idle
51748,idle
51781,idle
51814,idle
51848,idle
51881,idle
51914,idle
51948,idle
51981,idle
52014,idle
52047,idle
52081,idle
52114,idle
52147,idle
52181,idle
52214,idle
52247,idle
52281,idle
52314,rotate
52347,rotate
52380,rotate
52414,rotate
52447,rotate
52480,rotate
52514,rotate
52547,rotate
52580,rotate
52614,rotate
52647,rotate
52680,rotate
52713,rotate
52747,rotate
52780,rotate
52813,rotate
52847,rotate
52880,rotate
52913,rotate
52947,rotate
52980,rotate
53013,rotate
53046,rotate
53080,rotate
53113,rotate
53146,rotate
53180,rotate
53213,rotate
53246,rotate
53280,rotate
53313,rotate
53346,rotate
53379,rotate
53413,rotate
53446,rotate
53479,rotate
53513,rotate
53546,rotate
53579,rotate
53613,rotate
53646,rotate
53679,idle
53712,idle
53746,idle
53779,idle
53812,idle
53846,idle
53879,idle
53912,idle
53946,idle
53979,idle
54012,idle
54045,idle
54079,idle
54112,idle
54145,idle
54179,idle
54212,idle
54245,idle
54279,idle
54312,idle
54345,idle
54378,idle
54412,idle
54445,idle
54478,idle
54512,idle
54545,idle
54578,idle
54612,idle
54645,idle
54678,idle
54711,idle
54745,idle
54778,idle
54811,idle
54845,idle
54878,idle
54911,idle
54945,rotate
54978,rotate
55011,rotate
55044,rotate
55078,rotate
55111,rotate
55144,rotate
55178,rotate
55211,rotate
55244,rotate
55278,rotate
55311,rotate
55344,rotate
55377,rotate
55411,rotate
55444,rotate
55477,rotate
55511,rotate
55544,rotate
55577,rotate
55611,rotate
55644,rotate
55677,rotate
55710,rotate
55744,rotate
55777,rotate
55810,rotate
55844,rotate
55877,rotate
55910,rotate
55944,rotate
55977,rotate
56010,rotate
56043,rotate
56077,rotate
56110,rotate
56143,rotate
56177,rotate
56210,rotate
56243,rotate
56277,rotate
56310,rotate
56343,idle
56376,idle
56410,idle
56443,idle
56476,idle
56510,idle
56543,idle
56576,idle
56610,idle
56643,idle
56676,idle
56709,idle
56743,idle
56776,idle
56809,idle
56843,idle
56876,idle
56909,idle
56943,idle
56976,idle
57009,idle
57042,idle
57076,idle
57109,idle
57142,idle
57176,idle
57209,idle
57242,idle
57276,idle
57309,idle
57342,idle
57375,idle
57409,idle
57442,idle
57475,idle
57509,idle
57542,idle
57575,idle
57609,rotate
57642,rotate
57675,rotate
57708,rotate
57742,rotate
57775,rotate
57808,rotate
57842,rotate
57875,rotate
57908,rotate
57942,rotate
57975,rotate
58008,rotate
58041,rotate
58075,rotate
58108,rotate
58141,rotate
58175,rotate
58208,rotate
58241,rotate
58275,rotate
58308,rotate
58341,rotate
58374,rotate
58408,rotate
58441,rotate
58474,rotate
58508,rotate
58541,rotate
58574,rotate
58608,rotate
58641,rotate
58674,rotate
58707,rotate
58741,rotate
58774,rotate
58807,rotate
58841,rotate
58874,rotate
58907,rotate
58941,rotate
58974,rotate
59007,rotate
59040,rotate
59074,idle
59107,idle
59140,idle
59174,idle
59207,idle
59240,idle
59274,idle
59307,idle
59340,idle
59373,idle
59407,idle
59440,idle
59473,idle
59507,idle
59540,idle
59573,idle
59607,idle
59640,idle
59673,idle
59706,idle
59740,idle
59773,idle
59806,idle
59840,idle
59873,idle
59906,idle
59940,idle
59973,idle
60006,idle
60039,idle
60073,idle
60106,idle
60139,rotate
60173,rotate
60206,rotate
60239,rotate
60273,rotate
60306,rotate
60339,rotate
60372,rotate
60406,rotate
60439,rotate
60472,rotate
60506,rotate
60539,rotate
60572,rotate
60606,rotate
60639,rotate
60672,rotate
60705,rotate
60739,rotate
60772,rotate
60805,rotate
60839,rotate
60872,rotate
60905,rotate
60939,rotate
60972,rotate
61005,rotate
61038,rotate
61072,rotate
61105,rotate
61138,rotate
61172,rotate
61205,rotate
61238,rotate
61272,rotate
61305,rotate
61338,rotate
61371,rotate
61405,rotate
61438,rotate
61471,rotate
61505,rotate
61538,rotate
61571,rotate
61605,rotate
61638,rotate
61671,idle
61704,idle
61738,idle
61771,idle
61804,idle
61838,idle
61871,idle
61904,idle
61938,idle
61971,idle
62004,idle
62037,idle
62071,idle
62104,idle
62137,idle
62171,idle
62204,idle
62237,idle
62271,idle
62304,idle
62337,idle
62370,rotate
62404,rotate
62437,rotate
62470,rotate
62504,rotate
62537,rotate
62570,rotate
62604,rotate
62637,rotate
62670,rotate
62703,rotate
62737,rotate
62770,rotate
62803,rotate
62837,rotate
62870,rotate
62903,rotate
62937,rotate
62970,rotate
63003,rotate
63036,rotate
63070,rotate
63103,rotate
63136,rotate
63170,rotate
63203,rotate
63236,rotate
63270,rotate
63303,rotate
63336,rotate
63369,rotate
63403,rotate
63436,rotate
63469,rotate
63503,rotate
63536,rotate
63569,rotate
63603,rotate
63636,rotate
63669,rotate
63702,rotate
63736,rotate
63769,rotate
63802,rotate
63836,rotate
63869,rotate
63902,rotate
63936,rotate
63969,rotate
64002,idle
64035,idle
64069,idle
64102,idle
64135,idle
64169,idle
64202,idle
64235,idle
64269,idle
64302,idle
64335,idle
64368,idle
64402,idle
64435,idle
64468,idle
64502,idle
64535,idle
64568,idle
64602,idle
64635,idle
64668,rotate
64701,rotate
64735,rotate
64768,rotate
64801,rotate
64835,rotate
64868,rotate
64901,rotate
64935,rotate
64968,rotate
65001,rotate
65034,rotate
65068,rotate
65101,rotate
65134,rotate
65168,rotate
65201,rotate
65234,rotate
65268,rotate
65301,rotate
65334,rotate
65367,rotate
65401,rotate
65434,rotate
65467,rotate
65501,rotate
65534,rotate
65567,rotate
65601,rotate
65634,rotate
65667,rotate
65700,rotate
65734,rotate
65767,rotate
65800,rotate
65834,rotate
65867,rotate
65900,rotate
65934,rotate
65967,rotate
66000,rotate
66033,rotate
66067,rotate
66100,rotate
66133,rotate
66167,rotate
66200,rotate
66233,rotate
66267,rotate
66300,rotate
66333,rotate
66366,rotate
66400,rotate
66433,rotate
66466,rotate
66500,rotate
66533,rotate
66566,rotate
66600,idle
66633,idle
66666,idle
66699,idle
66733,idle
66766,idle
66799,idle
66833,idle
66866,idle
66899,idle
66933,idle
66966,idle
66999,idle
67032,idle
67066,idle
67099,idle
67132,idle
67166,idle
67199,rotate
67232,rotate
67266,rotate
67299,rotate
67332,rotate
67365,rotate
67399,rotate
67432,rotate
67465,rotate
67499,rotate
67532,rotate
67565,rotate
67599,rotate
67632,rotate
67665,rotate
67698,rotate
67732,rotate
67765,rotate
67798,rotate
67832,rotate
67865,rotate
67898,rotate
67932,rotate
67965,rotate
67998,rotate
68031,rotate
68065,rotate
68098,rotate
68131,rotate
68165,rotate
68198,rotate
68231,rotate
68265,rotate
68298,rotate
68331,rotate
68364,rotate
68398,rotate
68431,rotate
68464,rotate
68498,rotate
68531,rotate
68564,rotate
68598,rotate
68631,rotate
68664,rotate
68697,rotate
68731,rotate
68764,rotate
68797,rotate
68831,rotate
68864,idle
68897,idle
68931,idle
68964,idle
68997,idle
69030,idle
69064,idle
69097,idle
69130,idle
69164,idle
69197,idle
69230,idle
69264,idle
69297,idle
69330,idle
69363,idle
69397,idle
69430,idle
69463,idle
69497,rotate
69530,rotate
69563,rotate
69597,rotate
69630,rotate
69663,rotate
69696,rotate
69730,rotate
69763,rotate
69796,rotate
69830,rotate
69863,rotate
69896,rotate
69930,rotate
69963,rotate
69996,rotate
70029,rotate
70063,rotate
70096,rotate
70129,rotate
70163,rotate
70196,rotate
70229,rotate
70263,rotate
70296,rotate
70329,rotate
70362,rotate
70396,rotate
70429,rotate
70462,rotate
70496,rotate
70529,rotate
70562,rotate
70596,rotate
70629,rotate
70662,rotate
70695,rotate
70729,rotate
70762,rotate
70795,rotate
70829,rotate
70862,rotate
70895,rotate
70929,rotate
70962,rotate
70995,rotate
71028,rotate
71062,rotate
71095,rotate
71128,rotate
71162,rotate
71195,rotate
71228,rotate
71262,rotate
71295,idle
71328,idle
71361,idle
71395,idle
71428,idle
71461,idle
71495,idle
71528,idle
71561,idle
71595,idle
71628,idle
71661,idle
71694,idle
71728,idle
71761,idle
71794,idle
71828,idle
71861,idle
71894,idle
71928,idle
71961,idle
71994,idle
